Image,JSON
./datasets/images/train/OBJ00022_PS3_K3_NIA0078.png,./datasets/labels/train/OBJ00022_PS3_K3_NIA0078.json
./datasets/images/train/OBJ00028_PS3_K3_NIA0078.png,./datasets/labels/train/OBJ00028_PS3_K3_NIA0078.json
./datasets/images/train/OBJ00258_PS3_K3_NIA0081.png,./datasets/labels/train/OBJ00258_PS3_K3_NIA0081.json
./datasets/images/train/OBJ00261_PS3_K3_NIA0081.png,./datasets/labels/train/OBJ00261_PS3_K3_NIA0081.json
./datasets/images/train/OBJ00607_PS3_K3_NIA0086.png,./datasets/labels/train/OBJ00607_PS3_K3_NIA0086.json
./datasets/images/train/OBJ01399_PS3_K3_NIA0093.png,./datasets/labels/train/OBJ01399_PS3_K3_NIA0093.json
./datasets/images/train/OBJ01400_PS3_K3_NIA0093.png,./datasets/labels/train/OBJ01400_PS3_K3_NIA0093.json
./datasets/images/train/OBJ01505_PS3_K3_NIA0095.png,./datasets/labels/train/OBJ01505_PS3_K3_NIA0095.json
./datasets/images/train/OBJ01589_PS3_K3_NIA0097.png,./datasets/labels/train/OBJ01589_PS3_K3_NIA0097.json
./datasets/images/train/OBJ01654_PS3_K3_NIA0101.png,./datasets/labels/train/OBJ01654_PS3_K3_NIA0101.json
./datasets/images/train/OBJ01675_PS3_K3_NIA0102.png,./datasets/labels/train/OBJ01675_PS3_K3_NIA0102.json
./datasets/images/train/OBJ01691_PS3_K3_NIA0102.png,./datasets/labels/train/OBJ01691_PS3_K3_NIA0102.json
./datasets/images/train/OBJ01696_PS3_K3_NIA0102.png,./datasets/labels/train/OBJ01696_PS3_K3_NIA0102.json
./datasets/images/train/OBJ01701_PS3_K3_NIA0102.png,./datasets/labels/train/OBJ01701_PS3_K3_NIA0102.json
./datasets/images/train/OBJ01735_PS3_K3_NIA0104.png,./datasets/labels/train/OBJ01735_PS3_K3_NIA0104.json
./datasets/images/train/OBJ01937_PS3_K3_NIA0110.png,./datasets/labels/train/OBJ01937_PS3_K3_NIA0110.json
./datasets/images/train/OBJ02050_PS3_K3_NIA0112.png,./datasets/labels/train/OBJ02050_PS3_K3_NIA0112.json
./datasets/images/train/OBJ02293_PS3_K3_NIA0118.png,./datasets/labels/train/OBJ02293_PS3_K3_NIA0118.json
./datasets/images/train/OBJ02297_PS3_K3_NIA0118.png,./datasets/labels/train/OBJ02297_PS3_K3_NIA0118.json
./datasets/images/train/OBJ02307_PS3_K3_NIA0118.png,./datasets/labels/train/OBJ02307_PS3_K3_NIA0118.json
./datasets/images/train/OBJ02311_PS3_K3_NIA0118.png,./datasets/labels/train/OBJ02311_PS3_K3_NIA0118.json
./datasets/images/train/OBJ02314_PS3_K3_NIA0118.png,./datasets/labels/train/OBJ02314_PS3_K3_NIA0118.json
./datasets/images/train/OBJ02400_PS3_K3_NIA0121.png,./datasets/labels/train/OBJ02400_PS3_K3_NIA0121.json
./datasets/images/train/OBJ02409_PS3_K3_NIA0121.png,./datasets/labels/train/OBJ02409_PS3_K3_NIA0121.json
./datasets/images/train/OBJ02417_PS3_K3_NIA0121.png,./datasets/labels/train/OBJ02417_PS3_K3_NIA0121.json
./datasets/images/train/OBJ02634_PS3_K3_NIA0126.png,./datasets/labels/train/OBJ02634_PS3_K3_NIA0126.json
./datasets/images/train/OBJ02635_PS3_K3_NIA0126.png,./datasets/labels/train/OBJ02635_PS3_K3_NIA0126.json
./datasets/images/train/OBJ02721_PS3_K3_NIA0126.png,./datasets/labels/train/OBJ02721_PS3_K3_NIA0126.json
./datasets/images/train/OBJ02723_PS3_K3_NIA0126.png,./datasets/labels/train/OBJ02723_PS3_K3_NIA0126.json
./datasets/images/train/OBJ02797_PS3_K3_NIA0126.png,./datasets/labels/train/OBJ02797_PS3_K3_NIA0126.json
./datasets/images/train/OBJ03271_PS3_K3_NIA0132.png,./datasets/labels/train/OBJ03271_PS3_K3_NIA0132.json
./datasets/images/train/OBJ03336_PS3_K3A_NIA0137.png,./datasets/labels/train/OBJ03336_PS3_K3A_NIA0137.json
./datasets/images/train/OBJ03399_PS3_K3A_NIA0138.png,./datasets/labels/train/OBJ03399_PS3_K3A_NIA0138.json
./datasets/images/train/OBJ03401_PS3_K3A_NIA0138.png,./datasets/labels/train/OBJ03401_PS3_K3A_NIA0138.json
./datasets/images/train/OBJ03403_PS3_K3A_NIA0138.png,./datasets/labels/train/OBJ03403_PS3_K3A_NIA0138.json
./datasets/images/train/OBJ03404_PS3_K3A_NIA0138.png,./datasets/labels/train/OBJ03404_PS3_K3A_NIA0138.json
./datasets/images/train/OBJ03405_PS3_K3A_NIA0138.png,./datasets/labels/train/OBJ03405_PS3_K3A_NIA0138.json
./datasets/images/train/OBJ03411_PS3_K3A_NIA0138.png,./datasets/labels/train/OBJ03411_PS3_K3A_NIA0138.json
./datasets/images/train/OBJ03413_PS3_K3A_NIA0138.png,./datasets/labels/train/OBJ03413_PS3_K3A_NIA0138.json
./datasets/images/train/OBJ03415_PS3_K3A_NIA0138.png,./datasets/labels/train/OBJ03415_PS3_K3A_NIA0138.json
./datasets/images/train/OBJ03424_PS3_K3A_NIA0139.png,./datasets/labels/train/OBJ03424_PS3_K3A_NIA0139.json
./datasets/images/train/OBJ03425_PS3_K3A_NIA0139.png,./datasets/labels/train/OBJ03425_PS3_K3A_NIA0139.json
./datasets/images/train/OBJ03426_PS3_K3A_NIA0139.png,./datasets/labels/train/OBJ03426_PS3_K3A_NIA0139.json
./datasets/images/train/OBJ03429_PS3_K3A_NIA0139.png,./datasets/labels/train/OBJ03429_PS3_K3A_NIA0139.json
./datasets/images/train/OBJ03435_PS3_K3A_NIA0139.png,./datasets/labels/train/OBJ03435_PS3_K3A_NIA0139.json
./datasets/images/train/OBJ03451_PS3_K3A_NIA0140.png,./datasets/labels/train/OBJ03451_PS3_K3A_NIA0140.json
./datasets/images/train/OBJ03453_PS3_K3A_NIA0140.png,./datasets/labels/train/OBJ03453_PS3_K3A_NIA0140.json
./datasets/images/train/OBJ03466_PS3_K3A_NIA0140.png,./datasets/labels/train/OBJ03466_PS3_K3A_NIA0140.json
./datasets/images/train/OBJ03468_PS3_K3A_NIA0141.png,./datasets/labels/train/OBJ03468_PS3_K3A_NIA0141.json
./datasets/images/train/OBJ03504_PS3_K3A_NIA0145.png,./datasets/labels/train/OBJ03504_PS3_K3A_NIA0145.json
./datasets/images/train/OBJ03509_PS3_K3A_NIA0145.png,./datasets/labels/train/OBJ03509_PS3_K3A_NIA0145.json
./datasets/images/train/OBJ03510_PS3_K3A_NIA0145.png,./datasets/labels/train/OBJ03510_PS3_K3A_NIA0145.json
./datasets/images/train/OBJ03514_PS3_K3A_NIA0146.png,./datasets/labels/train/OBJ03514_PS3_K3A_NIA0146.json
./datasets/images/train/OBJ03528_PS3_K3A_NIA0147.png,./datasets/labels/train/OBJ03528_PS3_K3A_NIA0147.json
./datasets/images/train/OBJ03538_PS3_K3A_NIA0148.png,./datasets/labels/train/OBJ03538_PS3_K3A_NIA0148.json
./datasets/images/train/OBJ03543_PS3_K3A_NIA0148.png,./datasets/labels/train/OBJ03543_PS3_K3A_NIA0148.json
./datasets/images/train/OBJ03697_PS3_K3A_NIA0155.png,./datasets/labels/train/OBJ03697_PS3_K3A_NIA0155.json
./datasets/images/train/OBJ03701_PS3_K3A_NIA0155.png,./datasets/labels/train/OBJ03701_PS3_K3A_NIA0155.json
./datasets/images/train/OBJ03702_PS3_K3A_NIA0155.png,./datasets/labels/train/OBJ03702_PS3_K3A_NIA0155.json
./datasets/images/train/OBJ03704_PS3_K3A_NIA0155.png,./datasets/labels/train/OBJ03704_PS3_K3A_NIA0155.json
./datasets/images/train/OBJ03708_PS3_K3A_NIA0156.png,./datasets/labels/train/OBJ03708_PS3_K3A_NIA0156.json
./datasets/images/train/OBJ03711_PS3_K3A_NIA0156.png,./datasets/labels/train/OBJ03711_PS3_K3A_NIA0156.json
./datasets/images/train/OBJ03713_PS3_K3A_NIA0156.png,./datasets/labels/train/OBJ03713_PS3_K3A_NIA0156.json
./datasets/images/train/OBJ03714_PS3_K3A_NIA0156.png,./datasets/labels/train/OBJ03714_PS3_K3A_NIA0156.json
./datasets/images/train/OBJ03720_PS3_K3A_NIA0156.png,./datasets/labels/train/OBJ03720_PS3_K3A_NIA0156.json
./datasets/images/train/OBJ03723_PS3_K3A_NIA0156.png,./datasets/labels/train/OBJ03723_PS3_K3A_NIA0156.json
./datasets/images/train/OBJ03724_PS3_K3A_NIA0156.png,./datasets/labels/train/OBJ03724_PS3_K3A_NIA0156.json
./datasets/images/train/OBJ03726_PS3_K3A_NIA0156.png,./datasets/labels/train/OBJ03726_PS3_K3A_NIA0156.json
./datasets/images/train/OBJ03727_PS3_K3A_NIA0156.png,./datasets/labels/train/OBJ03727_PS3_K3A_NIA0156.json
./datasets/images/train/OBJ03728_PS3_K3A_NIA0156.png,./datasets/labels/train/OBJ03728_PS3_K3A_NIA0156.json
./datasets/images/train/OBJ03730_PS3_K3A_NIA0156.png,./datasets/labels/train/OBJ03730_PS3_K3A_NIA0156.json
./datasets/images/train/OBJ03732_PS3_K3A_NIA0156.png,./datasets/labels/train/OBJ03732_PS3_K3A_NIA0156.json
./datasets/images/train/OBJ03733_PS3_K3A_NIA0156.png,./datasets/labels/train/OBJ03733_PS3_K3A_NIA0156.json
./datasets/images/train/OBJ03734_PS3_K3A_NIA0156.png,./datasets/labels/train/OBJ03734_PS3_K3A_NIA0156.json
./datasets/images/train/OBJ03736_PS3_K3A_NIA0156.png,./datasets/labels/train/OBJ03736_PS3_K3A_NIA0156.json
./datasets/images/train/OBJ03737_PS3_K3A_NIA0156.png,./datasets/labels/train/OBJ03737_PS3_K3A_NIA0156.json
./datasets/images/train/OBJ03738_PS3_K3A_NIA0156.png,./datasets/labels/train/OBJ03738_PS3_K3A_NIA0156.json
./datasets/images/train/OBJ03739_PS3_K3A_NIA0156.png,./datasets/labels/train/OBJ03739_PS3_K3A_NIA0156.json
./datasets/images/train/OBJ03743_PS3_K3A_NIA0156.png,./datasets/labels/train/OBJ03743_PS3_K3A_NIA0156.json
./datasets/images/train/OBJ03746_PS3_K3A_NIA0156.png,./datasets/labels/train/OBJ03746_PS3_K3A_NIA0156.json
./datasets/images/train/OBJ03754_PS3_K3A_NIA0157.png,./datasets/labels/train/OBJ03754_PS3_K3A_NIA0157.json
./datasets/images/train/OBJ03772_PS3_K3A_NIA0157.png,./datasets/labels/train/OBJ03772_PS3_K3A_NIA0157.json
./datasets/images/train/OBJ03774_PS3_K3A_NIA0157.png,./datasets/labels/train/OBJ03774_PS3_K3A_NIA0157.json
./datasets/images/train/OBJ03776_PS3_K3A_NIA0158.png,./datasets/labels/train/OBJ03776_PS3_K3A_NIA0158.json
./datasets/images/train/OBJ03784_PS3_K3A_NIA0158.png,./datasets/labels/train/OBJ03784_PS3_K3A_NIA0158.json
./datasets/images/train/OBJ03785_PS3_K3A_NIA0158.png,./datasets/labels/train/OBJ03785_PS3_K3A_NIA0158.json
./datasets/images/train/OBJ03789_PS3_K3A_NIA0158.png,./datasets/labels/train/OBJ03789_PS3_K3A_NIA0158.json
./datasets/images/train/OBJ03797_PS3_K3A_NIA0159.png,./datasets/labels/train/OBJ03797_PS3_K3A_NIA0159.json
./datasets/images/train/OBJ03814_PS3_K3A_NIA0159.png,./datasets/labels/train/OBJ03814_PS3_K3A_NIA0159.json
./datasets/images/train/OBJ03849_PS3_K3A_NIA0162.png,./datasets/labels/train/OBJ03849_PS3_K3A_NIA0162.json
./datasets/images/train/OBJ03851_PS3_K3A_NIA0162.png,./datasets/labels/train/OBJ03851_PS3_K3A_NIA0162.json
./datasets/images/train/OBJ03854_PS3_K3A_NIA0162.png,./datasets/labels/train/OBJ03854_PS3_K3A_NIA0162.json
./datasets/images/train/OBJ03857_PS3_K3A_NIA0162.png,./datasets/labels/train/OBJ03857_PS3_K3A_NIA0162.json
./datasets/images/train/OBJ03859_PS3_K3A_NIA0162.png,./datasets/labels/train/OBJ03859_PS3_K3A_NIA0162.json
./datasets/images/train/OBJ03861_PS3_K3A_NIA0162.png,./datasets/labels/train/OBJ03861_PS3_K3A_NIA0162.json
./datasets/images/train/OBJ03862_PS3_K3A_NIA0162.png,./datasets/labels/train/OBJ03862_PS3_K3A_NIA0162.json
./datasets/images/train/OBJ03863_PS3_K3A_NIA0162.png,./datasets/labels/train/OBJ03863_PS3_K3A_NIA0162.json
./datasets/images/train/OBJ03864_PS3_K3A_NIA0162.png,./datasets/labels/train/OBJ03864_PS3_K3A_NIA0162.json
./datasets/images/train/OBJ03865_PS3_K3A_NIA0162.png,./datasets/labels/train/OBJ03865_PS3_K3A_NIA0162.json
./datasets/images/train/OBJ03905_PS3_K3A_NIA0165.png,./datasets/labels/train/OBJ03905_PS3_K3A_NIA0165.json
./datasets/images/train/OBJ03915_PS3_K3A_NIA0165.png,./datasets/labels/train/OBJ03915_PS3_K3A_NIA0165.json
./datasets/images/train/OBJ03919_PS3_K3A_NIA0165.png,./datasets/labels/train/OBJ03919_PS3_K3A_NIA0165.json
./datasets/images/train/OBJ03925_PS3_K3A_NIA0166.png,./datasets/labels/train/OBJ03925_PS3_K3A_NIA0166.json
./datasets/images/train/OBJ03927_PS3_K3A_NIA0166.png,./datasets/labels/train/OBJ03927_PS3_K3A_NIA0166.json
./datasets/images/train/OBJ03928_PS3_K3A_NIA0166.png,./datasets/labels/train/OBJ03928_PS3_K3A_NIA0166.json
./datasets/images/train/OBJ03930_PS3_K3A_NIA0166.png,./datasets/labels/train/OBJ03930_PS3_K3A_NIA0166.json
./datasets/images/train/OBJ03932_PS3_K3A_NIA0166.png,./datasets/labels/train/OBJ03932_PS3_K3A_NIA0166.json
./datasets/images/train/OBJ03941_PS3_K3A_NIA0166.png,./datasets/labels/train/OBJ03941_PS3_K3A_NIA0166.json
./datasets/images/train/OBJ03947_PS3_K3A_NIA0166.png,./datasets/labels/train/OBJ03947_PS3_K3A_NIA0166.json
./datasets/images/train/OBJ03948_PS3_K3A_NIA0166.png,./datasets/labels/train/OBJ03948_PS3_K3A_NIA0166.json
./datasets/images/train/OBJ03949_PS3_K3A_NIA0166.png,./datasets/labels/train/OBJ03949_PS3_K3A_NIA0166.json
./datasets/images/train/OBJ03961_PS3_K3A_NIA0166.png,./datasets/labels/train/OBJ03961_PS3_K3A_NIA0166.json
./datasets/images/train/OBJ03963_PS3_K3A_NIA0166.png,./datasets/labels/train/OBJ03963_PS3_K3A_NIA0166.json
./datasets/images/train/OBJ03964_PS3_K3A_NIA0166.png,./datasets/labels/train/OBJ03964_PS3_K3A_NIA0166.json
./datasets/images/train/OBJ03965_PS3_K3A_NIA0166.png,./datasets/labels/train/OBJ03965_PS3_K3A_NIA0166.json
./datasets/images/train/OBJ03967_PS3_K3A_NIA0166.png,./datasets/labels/train/OBJ03967_PS3_K3A_NIA0166.json
./datasets/images/train/OBJ03968_PS3_K3A_NIA0166.png,./datasets/labels/train/OBJ03968_PS3_K3A_NIA0166.json
./datasets/images/train/OBJ03972_PS3_K3A_NIA0166.png,./datasets/labels/train/OBJ03972_PS3_K3A_NIA0166.json
./datasets/images/train/OBJ03973_PS3_K3A_NIA0166.png,./datasets/labels/train/OBJ03973_PS3_K3A_NIA0166.json
./datasets/images/train/OBJ03977_PS3_K3A_NIA0166.png,./datasets/labels/train/OBJ03977_PS3_K3A_NIA0166.json
./datasets/images/train/OBJ03984_PS3_K3A_NIA0166.png,./datasets/labels/train/OBJ03984_PS3_K3A_NIA0166.json
./datasets/images/train/OBJ03986_PS3_K3A_NIA0166.png,./datasets/labels/train/OBJ03986_PS3_K3A_NIA0166.json
./datasets/images/train/OBJ03987_PS3_K3A_NIA0166.png,./datasets/labels/train/OBJ03987_PS3_K3A_NIA0166.json
./datasets/images/train/OBJ04093_PS3_K3A_NIA0174.png,./datasets/labels/train/OBJ04093_PS3_K3A_NIA0174.json
./datasets/images/train/OBJ04094_PS3_K3A_NIA0174.png,./datasets/labels/train/OBJ04094_PS3_K3A_NIA0174.json
./datasets/images/train/OBJ04097_PS3_K3A_NIA0174.png,./datasets/labels/train/OBJ04097_PS3_K3A_NIA0174.json
./datasets/images/train/OBJ04098_PS3_K3A_NIA0174.png,./datasets/labels/train/OBJ04098_PS3_K3A_NIA0174.json
./datasets/images/train/OBJ04099_PS3_K3A_NIA0174.png,./datasets/labels/train/OBJ04099_PS3_K3A_NIA0174.json
./datasets/images/train/OBJ04102_PS3_K3A_NIA0174.png,./datasets/labels/train/OBJ04102_PS3_K3A_NIA0174.json
./datasets/images/train/OBJ04104_PS3_K3A_NIA0174.png,./datasets/labels/train/OBJ04104_PS3_K3A_NIA0174.json
./datasets/images/train/OBJ04105_PS3_K3A_NIA0174.png,./datasets/labels/train/OBJ04105_PS3_K3A_NIA0174.json
./datasets/images/train/OBJ04109_PS3_K3A_NIA0174.png,./datasets/labels/train/OBJ04109_PS3_K3A_NIA0174.json
./datasets/images/train/OBJ04110_PS3_K3A_NIA0174.png,./datasets/labels/train/OBJ04110_PS3_K3A_NIA0174.json
./datasets/images/train/OBJ04111_PS3_K3A_NIA0174.png,./datasets/labels/train/OBJ04111_PS3_K3A_NIA0174.json
./datasets/images/train/OBJ04134_PS3_K3A_NIA0177.png,./datasets/labels/train/OBJ04134_PS3_K3A_NIA0177.json
./datasets/images/train/OBJ04135_PS3_K3A_NIA0177.png,./datasets/labels/train/OBJ04135_PS3_K3A_NIA0177.json
./datasets/images/train/OBJ04138_PS3_K3A_NIA0177.png,./datasets/labels/train/OBJ04138_PS3_K3A_NIA0177.json
./datasets/images/train/OBJ04139_PS3_K3A_NIA0177.png,./datasets/labels/train/OBJ04139_PS3_K3A_NIA0177.json
./datasets/images/train/OBJ04151_PS3_K3A_NIA0179.png,./datasets/labels/train/OBJ04151_PS3_K3A_NIA0179.json
./datasets/images/train/OBJ04155_PS3_K3A_NIA0179.png,./datasets/labels/train/OBJ04155_PS3_K3A_NIA0179.json
./datasets/images/train/OBJ04156_PS3_K3A_NIA0179.png,./datasets/labels/train/OBJ04156_PS3_K3A_NIA0179.json
./datasets/images/train/OBJ04157_PS3_K3A_NIA0179.png,./datasets/labels/train/OBJ04157_PS3_K3A_NIA0179.json
./datasets/images/train/OBJ04158_PS3_K3A_NIA0179.png,./datasets/labels/train/OBJ04158_PS3_K3A_NIA0179.json
./datasets/images/train/OBJ04160_PS3_K3A_NIA0180.png,./datasets/labels/train/OBJ04160_PS3_K3A_NIA0180.json
./datasets/images/train/OBJ04169_PS3_K3A_NIA0180.png,./datasets/labels/train/OBJ04169_PS3_K3A_NIA0180.json
./datasets/images/train/OBJ04177_PS3_K3A_NIA0180.png,./datasets/labels/train/OBJ04177_PS3_K3A_NIA0180.json
./datasets/images/train/OBJ04178_PS3_K3A_NIA0180.png,./datasets/labels/train/OBJ04178_PS3_K3A_NIA0180.json
./datasets/images/train/OBJ04179_PS3_K3A_NIA0180.png,./datasets/labels/train/OBJ04179_PS3_K3A_NIA0180.json
./datasets/images/train/OBJ04180_PS3_K3A_NIA0180.png,./datasets/labels/train/OBJ04180_PS3_K3A_NIA0180.json
./datasets/images/train/OBJ04181_PS3_K3A_NIA0180.png,./datasets/labels/train/OBJ04181_PS3_K3A_NIA0180.json
./datasets/images/train/OBJ04192_PS3_K3A_NIA0182.png,./datasets/labels/train/OBJ04192_PS3_K3A_NIA0182.json
./datasets/images/train/OBJ04238_PS3_K3_NIA0278.png,./datasets/labels/train/OBJ04238_PS3_K3_NIA0278.json
./datasets/images/train/OBJ04293_PS3_K3_NIA0279.png,./datasets/labels/train/OBJ04293_PS3_K3_NIA0279.json
./datasets/images/train/OBJ04294_PS3_K3_NIA0279.png,./datasets/labels/train/OBJ04294_PS3_K3_NIA0279.json
./datasets/images/train/OBJ04295_PS3_K3_NIA0279.png,./datasets/labels/train/OBJ04295_PS3_K3_NIA0279.json
./datasets/images/train/OBJ04296_PS3_K3_NIA0279.png,./datasets/labels/train/OBJ04296_PS3_K3_NIA0279.json
./datasets/images/train/OBJ04297_PS3_K3_NIA0279.png,./datasets/labels/train/OBJ04297_PS3_K3_NIA0279.json
./datasets/images/train/OBJ04298_PS3_K3_NIA0279.png,./datasets/labels/train/OBJ04298_PS3_K3_NIA0279.json
./datasets/images/train/OBJ04299_PS3_K3_NIA0279.png,./datasets/labels/train/OBJ04299_PS3_K3_NIA0279.json
./datasets/images/train/OBJ04300_PS3_K3_NIA0279.png,./datasets/labels/train/OBJ04300_PS3_K3_NIA0279.json
./datasets/images/train/OBJ04301_PS3_K3_NIA0279.png,./datasets/labels/train/OBJ04301_PS3_K3_NIA0279.json
./datasets/images/train/OBJ04302_PS3_K3_NIA0279.png,./datasets/labels/train/OBJ04302_PS3_K3_NIA0279.json
./datasets/images/train/OBJ04343_PS3_K3A_NIA0283.png,./datasets/labels/train/OBJ04343_PS3_K3A_NIA0283.json
./datasets/images/train/OBJ04348_PS3_K3A_NIA0283.png,./datasets/labels/train/OBJ04348_PS3_K3A_NIA0283.json
./datasets/images/train/OBJ04350_PS3_K3A_NIA0283.png,./datasets/labels/train/OBJ04350_PS3_K3A_NIA0283.json
./datasets/images/train/OBJ04351_PS3_K3A_NIA0283.png,./datasets/labels/train/OBJ04351_PS3_K3A_NIA0283.json
./datasets/images/train/OBJ04352_PS3_K3A_NIA0283.png,./datasets/labels/train/OBJ04352_PS3_K3A_NIA0283.json
./datasets/images/train/OBJ04353_PS3_K3A_NIA0283.png,./datasets/labels/train/OBJ04353_PS3_K3A_NIA0283.json
./datasets/images/train/OBJ04355_PS3_K3A_NIA0284.png,./datasets/labels/train/OBJ04355_PS3_K3A_NIA0284.json
./datasets/images/train/OBJ04356_PS3_K3A_NIA0284.png,./datasets/labels/train/OBJ04356_PS3_K3A_NIA0284.json
./datasets/images/train/OBJ04358_PS3_K3A_NIA0284.png,./datasets/labels/train/OBJ04358_PS3_K3A_NIA0284.json
./datasets/images/train/OBJ04376_PS3_K3A_NIA0286.png,./datasets/labels/train/OBJ04376_PS3_K3A_NIA0286.json
./datasets/images/train/OBJ04385_PS3_K3A_NIA0287.png,./datasets/labels/train/OBJ04385_PS3_K3A_NIA0287.json
./datasets/images/train/OBJ04386_PS3_K3A_NIA0287.png,./datasets/labels/train/OBJ04386_PS3_K3A_NIA0287.json
./datasets/images/train/OBJ04419_PS3_K3A_NIA0289.png,./datasets/labels/train/OBJ04419_PS3_K3A_NIA0289.json
./datasets/images/train/OBJ04476_PS3_K3A_NIA0294.png,./datasets/labels/train/OBJ04476_PS3_K3A_NIA0294.json
./datasets/images/train/OBJ04492_PS3_K3A_NIA0296.png,./datasets/labels/train/OBJ04492_PS3_K3A_NIA0296.json
./datasets/images/train/OBJ04497_PS3_K3A_NIA0296.png,./datasets/labels/train/OBJ04497_PS3_K3A_NIA0296.json
./datasets/images/train/OBJ04503_PS3_K3A_NIA0297.png,./datasets/labels/train/OBJ04503_PS3_K3A_NIA0297.json
./datasets/images/train/OBJ04513_PS3_K3A_NIA0298.png,./datasets/labels/train/OBJ04513_PS3_K3A_NIA0298.json
./datasets/images/train/OBJ04514_PS3_K3A_NIA0298.png,./datasets/labels/train/OBJ04514_PS3_K3A_NIA0298.json
./datasets/images/train/OBJ04515_PS3_K3A_NIA0298.png,./datasets/labels/train/OBJ04515_PS3_K3A_NIA0298.json
./datasets/images/train/OBJ04523_PS3_K3A_NIA0299.png,./datasets/labels/train/OBJ04523_PS3_K3A_NIA0299.json
./datasets/images/train/OBJ04526_PS3_K3A_NIA0299.png,./datasets/labels/train/OBJ04526_PS3_K3A_NIA0299.json
./datasets/images/train/OBJ04527_PS3_K3A_NIA0299.png,./datasets/labels/train/OBJ04527_PS3_K3A_NIA0299.json
./datasets/images/train/OBJ04529_PS3_K3A_NIA0299.png,./datasets/labels/train/OBJ04529_PS3_K3A_NIA0299.json
./datasets/images/train/OBJ04543_PS3_K3A_NIA0300.png,./datasets/labels/train/OBJ04543_PS3_K3A_NIA0300.json
./datasets/images/train/OBJ04546_PS3_K3A_NIA0300.png,./datasets/labels/train/OBJ04546_PS3_K3A_NIA0300.json
./datasets/images/train/OBJ04552_PS3_K3A_NIA0300.png,./datasets/labels/train/OBJ04552_PS3_K3A_NIA0300.json
./datasets/images/train/OBJ04557_PS3_K3A_NIA0300.png,./datasets/labels/train/OBJ04557_PS3_K3A_NIA0300.json
./datasets/images/train/OBJ04559_PS3_K3A_NIA0300.png,./datasets/labels/train/OBJ04559_PS3_K3A_NIA0300.json
./datasets/images/train/OBJ04561_PS3_K3A_NIA0300.png,./datasets/labels/train/OBJ04561_PS3_K3A_NIA0300.json
./datasets/images/train/OBJ04565_PS3_K3A_NIA0301.png,./datasets/labels/train/OBJ04565_PS3_K3A_NIA0301.json
./datasets/images/train/OBJ04589_PS3_K3A_NIA0301.png,./datasets/labels/train/OBJ04589_PS3_K3A_NIA0301.json
./datasets/images/train/OBJ04597_PS3_K3A_NIA0302.png,./datasets/labels/train/OBJ04597_PS3_K3A_NIA0302.json
./datasets/images/train/OBJ04602_PS3_K3A_NIA0303.png,./datasets/labels/train/OBJ04602_PS3_K3A_NIA0303.json
./datasets/images/train/OBJ04603_PS3_K3A_NIA0303.png,./datasets/labels/train/OBJ04603_PS3_K3A_NIA0303.json
./datasets/images/train/OBJ04606_PS3_K3A_NIA0303.png,./datasets/labels/train/OBJ04606_PS3_K3A_NIA0303.json
./datasets/images/train/OBJ04609_PS3_K3A_NIA0303.png,./datasets/labels/train/OBJ04609_PS3_K3A_NIA0303.json
./datasets/images/train/OBJ04610_PS3_K3A_NIA0303.png,./datasets/labels/train/OBJ04610_PS3_K3A_NIA0303.json
./datasets/images/train/OBJ04616_PS3_K3A_NIA0303.png,./datasets/labels/train/OBJ04616_PS3_K3A_NIA0303.json
./datasets/images/train/OBJ04617_PS3_K3A_NIA0303.png,./datasets/labels/train/OBJ04617_PS3_K3A_NIA0303.json
./datasets/images/train/OBJ04620_PS3_K3A_NIA0303.png,./datasets/labels/train/OBJ04620_PS3_K3A_NIA0303.json
./datasets/images/train/OBJ04621_PS3_K3A_NIA0303.png,./datasets/labels/train/OBJ04621_PS3_K3A_NIA0303.json
./datasets/images/train/OBJ04623_PS3_K3A_NIA0303.png,./datasets/labels/train/OBJ04623_PS3_K3A_NIA0303.json
./datasets/images/train/OBJ04624_PS3_K3A_NIA0303.png,./datasets/labels/train/OBJ04624_PS3_K3A_NIA0303.json
./datasets/images/train/OBJ04625_PS3_K3A_NIA0303.png,./datasets/labels/train/OBJ04625_PS3_K3A_NIA0303.json
./datasets/images/train/OBJ04639_PS3_K3A_NIA0305.png,./datasets/labels/train/OBJ04639_PS3_K3A_NIA0305.json
./datasets/images/train/OBJ04640_PS3_K3A_NIA0305.png,./datasets/labels/train/OBJ04640_PS3_K3A_NIA0305.json
./datasets/images/train/OBJ04642_PS3_K3A_NIA0306.png,./datasets/labels/train/OBJ04642_PS3_K3A_NIA0306.json
./datasets/images/train/OBJ04676_PS3_K3A_NIA0312.png,./datasets/labels/train/OBJ04676_PS3_K3A_NIA0312.json
./datasets/images/train/OBJ04679_PS3_K3A_NIA0312.png,./datasets/labels/train/OBJ04679_PS3_K3A_NIA0312.json
./datasets/images/train/OBJ04680_PS3_K3A_NIA0312.png,./datasets/labels/train/OBJ04680_PS3_K3A_NIA0312.json
./datasets/images/train/OBJ04682_PS3_K3A_NIA0312.png,./datasets/labels/train/OBJ04682_PS3_K3A_NIA0312.json
./datasets/images/train/OBJ04763_PS3_K3A_NIA0314.png,./datasets/labels/train/OBJ04763_PS3_K3A_NIA0314.json
./datasets/images/train/OBJ04764_PS3_K3A_NIA0314.png,./datasets/labels/train/OBJ04764_PS3_K3A_NIA0314.json
./datasets/images/train/OBJ04768_PS3_K3A_NIA0314.png,./datasets/labels/train/OBJ04768_PS3_K3A_NIA0314.json
./datasets/images/train/OBJ04769_PS3_K3A_NIA0314.png,./datasets/labels/train/OBJ04769_PS3_K3A_NIA0314.json
./datasets/images/train/OBJ04770_PS3_K3A_NIA0314.png,./datasets/labels/train/OBJ04770_PS3_K3A_NIA0314.json
./datasets/images/train/OBJ04771_PS3_K3A_NIA0314.png,./datasets/labels/train/OBJ04771_PS3_K3A_NIA0314.json
./datasets/images/train/OBJ04773_PS3_K3A_NIA0314.png,./datasets/labels/train/OBJ04773_PS3_K3A_NIA0314.json
./datasets/images/train/OBJ04780_PS3_K3A_NIA0297.png,./datasets/labels/train/OBJ04780_PS3_K3A_NIA0297.json
./datasets/images/train/OBJ04834_PS3_K3A_NIA0317.png,./datasets/labels/train/OBJ04834_PS3_K3A_NIA0317.json
./datasets/images/train/OBJ04835_PS3_K3A_NIA0317.png,./datasets/labels/train/OBJ04835_PS3_K3A_NIA0317.json
./datasets/images/train/OBJ04838_PS3_K3A_NIA0317.png,./datasets/labels/train/OBJ04838_PS3_K3A_NIA0317.json
./datasets/images/train/OBJ04863_PS3_K3A_NIA0318.png,./datasets/labels/train/OBJ04863_PS3_K3A_NIA0318.json
./datasets/images/train/OBJ04895_PS3_K3A_NIA0321.png,./datasets/labels/train/OBJ04895_PS3_K3A_NIA0321.json
./datasets/images/train/OBJ04896_PS3_K3A_NIA0321.png,./datasets/labels/train/OBJ04896_PS3_K3A_NIA0321.json
./datasets/images/train/OBJ04897_PS3_K3A_NIA0321.png,./datasets/labels/train/OBJ04897_PS3_K3A_NIA0321.json
./datasets/images/train/OBJ04921_PS3_K3A_NIA0323.png,./datasets/labels/train/OBJ04921_PS3_K3A_NIA0323.json
./datasets/images/train/OBJ04922_PS3_K3A_NIA0172.png,./datasets/labels/train/OBJ04922_PS3_K3A_NIA0172.json
./datasets/images/train/OBJ04989_PS3_K3A_NIA0328.png,./datasets/labels/train/OBJ04989_PS3_K3A_NIA0328.json
./datasets/images/train/OBJ04993_PS3_K3A_NIA0328.png,./datasets/labels/train/OBJ04993_PS3_K3A_NIA0328.json
./datasets/images/train/OBJ04995_PS3_K3A_NIA0328.png,./datasets/labels/train/OBJ04995_PS3_K3A_NIA0328.json
./datasets/images/train/OBJ04997_PS3_K3A_NIA0328.png,./datasets/labels/train/OBJ04997_PS3_K3A_NIA0328.json
./datasets/images/train/OBJ05005_PS3_K3A_NIA0328.png,./datasets/labels/train/OBJ05005_PS3_K3A_NIA0328.json
./datasets/images/train/OBJ05028_PS3_K3A_NIA0329.png,./datasets/labels/train/OBJ05028_PS3_K3A_NIA0329.json
./datasets/images/train/OBJ05033_PS3_K3A_NIA0329.png,./datasets/labels/train/OBJ05033_PS3_K3A_NIA0329.json
./datasets/images/train/OBJ05035_PS3_K3A_NIA0329.png,./datasets/labels/train/OBJ05035_PS3_K3A_NIA0329.json
./datasets/images/train/OBJ05042_PS3_K3A_NIA0329.png,./datasets/labels/train/OBJ05042_PS3_K3A_NIA0329.json
./datasets/images/train/OBJ05046_PS3_K3A_NIA0329.png,./datasets/labels/train/OBJ05046_PS3_K3A_NIA0329.json
./datasets/images/train/OBJ05048_PS3_K3A_NIA0329.png,./datasets/labels/train/OBJ05048_PS3_K3A_NIA0329.json
./datasets/images/train/OBJ05049_PS3_K3A_NIA0329.png,./datasets/labels/train/OBJ05049_PS3_K3A_NIA0329.json
./datasets/images/train/OBJ05050_PS3_K3A_NIA0329.png,./datasets/labels/train/OBJ05050_PS3_K3A_NIA0329.json
./datasets/images/train/OBJ05051_PS3_K3A_NIA0329.png,./datasets/labels/train/OBJ05051_PS3_K3A_NIA0329.json
./datasets/images/train/OBJ05054_PS3_K3A_NIA0329.png,./datasets/labels/train/OBJ05054_PS3_K3A_NIA0329.json
./datasets/images/train/OBJ05057_PS3_K3A_NIA0330.png,./datasets/labels/train/OBJ05057_PS3_K3A_NIA0330.json
./datasets/images/train/OBJ05058_PS3_K3A_NIA0330.png,./datasets/labels/train/OBJ05058_PS3_K3A_NIA0330.json
./datasets/images/train/OBJ05060_PS3_K3A_NIA0330.png,./datasets/labels/train/OBJ05060_PS3_K3A_NIA0330.json
./datasets/images/train/OBJ05069_PS3_K3A_NIA0330.png,./datasets/labels/train/OBJ05069_PS3_K3A_NIA0330.json
./datasets/images/train/OBJ05070_PS3_K3A_NIA0330.png,./datasets/labels/train/OBJ05070_PS3_K3A_NIA0330.json
./datasets/images/train/OBJ05080_PS3_K3A_NIA0331.png,./datasets/labels/train/OBJ05080_PS3_K3A_NIA0331.json
./datasets/images/train/OBJ05090_PS3_K3A_NIA0332.png,./datasets/labels/train/OBJ05090_PS3_K3A_NIA0332.json
./datasets/images/train/OBJ05103_PS3_K3A_NIA0333.png,./datasets/labels/train/OBJ05103_PS3_K3A_NIA0333.json
./datasets/images/train/OBJ05104_PS3_K3A_NIA0333.png,./datasets/labels/train/OBJ05104_PS3_K3A_NIA0333.json
./datasets/images/train/OBJ05105_PS3_K3A_NIA0333.png,./datasets/labels/train/OBJ05105_PS3_K3A_NIA0333.json
./datasets/images/train/OBJ05109_PS3_K3A_NIA0333.png,./datasets/labels/train/OBJ05109_PS3_K3A_NIA0333.json
./datasets/images/train/OBJ05115_PS3_K3A_NIA0333.png,./datasets/labels/train/OBJ05115_PS3_K3A_NIA0333.json
./datasets/images/train/OBJ05116_PS3_K3A_NIA0333.png,./datasets/labels/train/OBJ05116_PS3_K3A_NIA0333.json
./datasets/images/train/OBJ05119_PS3_K3A_NIA0334.png,./datasets/labels/train/OBJ05119_PS3_K3A_NIA0334.json
./datasets/images/train/OBJ05120_PS3_K3A_NIA0334.png,./datasets/labels/train/OBJ05120_PS3_K3A_NIA0334.json
./datasets/images/train/OBJ05121_PS3_K3A_NIA0334.png,./datasets/labels/train/OBJ05121_PS3_K3A_NIA0334.json
./datasets/images/train/OBJ05135_PS3_K3A_NIA0334.png,./datasets/labels/train/OBJ05135_PS3_K3A_NIA0334.json
./datasets/images/train/OBJ05137_PS3_K3A_NIA0334.png,./datasets/labels/train/OBJ05137_PS3_K3A_NIA0334.json
./datasets/images/train/OBJ05138_PS3_K3A_NIA0334.png,./datasets/labels/train/OBJ05138_PS3_K3A_NIA0334.json
./datasets/images/train/OBJ05141_PS3_K3A_NIA0334.png,./datasets/labels/train/OBJ05141_PS3_K3A_NIA0334.json
./datasets/images/train/OBJ05159_PS3_K3A_NIA0336.png,./datasets/labels/train/OBJ05159_PS3_K3A_NIA0336.json
./datasets/images/train/OBJ05203_PS3_K3A_NIA0340.png,./datasets/labels/train/OBJ05203_PS3_K3A_NIA0340.json
./datasets/images/train/OBJ05205_PS3_K3A_NIA0340.png,./datasets/labels/train/OBJ05205_PS3_K3A_NIA0340.json
./datasets/images/train/OBJ05214_PS3_K3A_NIA0340.png,./datasets/labels/train/OBJ05214_PS3_K3A_NIA0340.json
./datasets/images/train/OBJ05219_PS3_K3A_NIA0340.png,./datasets/labels/train/OBJ05219_PS3_K3A_NIA0340.json
./datasets/images/train/OBJ05220_PS3_K3A_NIA0340.png,./datasets/labels/train/OBJ05220_PS3_K3A_NIA0340.json
./datasets/images/train/OBJ05358_PS3_K3A_NIA0346.png,./datasets/labels/train/OBJ05358_PS3_K3A_NIA0346.json
./datasets/images/train/OBJ05375_PS3_K3A_NIA0346.png,./datasets/labels/train/OBJ05375_PS3_K3A_NIA0346.json
./datasets/images/train/OBJ05376_PS3_K3A_NIA0346.png,./datasets/labels/train/OBJ05376_PS3_K3A_NIA0346.json
./datasets/images/train/OBJ05378_PS3_K3A_NIA0346.png,./datasets/labels/train/OBJ05378_PS3_K3A_NIA0346.json
./datasets/images/train/OBJ05379_PS3_K3A_NIA0346.png,./datasets/labels/train/OBJ05379_PS3_K3A_NIA0346.json
./datasets/images/train/OBJ05382_PS3_K3A_NIA0346.png,./datasets/labels/train/OBJ05382_PS3_K3A_NIA0346.json
./datasets/images/train/OBJ05384_PS3_K3A_NIA0346.png,./datasets/labels/train/OBJ05384_PS3_K3A_NIA0346.json
./datasets/images/train/OBJ05394_PS3_K3A_NIA0347.png,./datasets/labels/train/OBJ05394_PS3_K3A_NIA0347.json
./datasets/images/train/OBJ05401_PS3_K3A_NIA0347.png,./datasets/labels/train/OBJ05401_PS3_K3A_NIA0347.json
./datasets/images/train/OBJ05403_PS3_K3A_NIA0347.png,./datasets/labels/train/OBJ05403_PS3_K3A_NIA0347.json
./datasets/images/train/OBJ05404_PS3_K3A_NIA0347.png,./datasets/labels/train/OBJ05404_PS3_K3A_NIA0347.json
./datasets/images/train/OBJ05408_PS3_K3A_NIA0347.png,./datasets/labels/train/OBJ05408_PS3_K3A_NIA0347.json
./datasets/images/train/OBJ05414_PS3_K3A_NIA0349.png,./datasets/labels/train/OBJ05414_PS3_K3A_NIA0349.json
./datasets/images/train/OBJ05418_PS3_K3A_NIA0349.png,./datasets/labels/train/OBJ05418_PS3_K3A_NIA0349.json
./datasets/images/train/OBJ05421_PS3_K3A_NIA0349.png,./datasets/labels/train/OBJ05421_PS3_K3A_NIA0349.json
./datasets/images/train/OBJ05428_PS3_K3A_NIA0350.png,./datasets/labels/train/OBJ05428_PS3_K3A_NIA0350.json
./datasets/images/train/OBJ05430_PS3_K3A_NIA0350.png,./datasets/labels/train/OBJ05430_PS3_K3A_NIA0350.json
./datasets/images/train/OBJ05431_PS3_K3A_NIA0350.png,./datasets/labels/train/OBJ05431_PS3_K3A_NIA0350.json
./datasets/images/train/OBJ05435_PS3_K3A_NIA0165.png,./datasets/labels/train/OBJ05435_PS3_K3A_NIA0165.json
./datasets/images/train/OBJ05443_PS3_K3A_NIA0165.png,./datasets/labels/train/OBJ05443_PS3_K3A_NIA0165.json
./datasets/images/train/OBJ05445_PS3_K3A_NIA0165.png,./datasets/labels/train/OBJ05445_PS3_K3A_NIA0165.json
./datasets/images/train/OBJ05451_PS3_K3A_NIA0166.png,./datasets/labels/train/OBJ05451_PS3_K3A_NIA0166.json
./datasets/images/train/OBJ05453_PS3_K3A_NIA0166.png,./datasets/labels/train/OBJ05453_PS3_K3A_NIA0166.json
./datasets/images/train/OBJ05457_PS3_K3A_NIA0166.png,./datasets/labels/train/OBJ05457_PS3_K3A_NIA0166.json
./datasets/images/train/OBJ05461_PS3_K3A_NIA0166.png,./datasets/labels/train/OBJ05461_PS3_K3A_NIA0166.json
./datasets/images/train/OBJ05463_PS3_K3A_NIA0166.png,./datasets/labels/train/OBJ05463_PS3_K3A_NIA0166.json
./datasets/images/train/OBJ05464_PS3_K3A_NIA0166.png,./datasets/labels/train/OBJ05464_PS3_K3A_NIA0166.json
./datasets/images/train/OBJ05465_PS3_K3A_NIA0166.png,./datasets/labels/train/OBJ05465_PS3_K3A_NIA0166.json
./datasets/images/train/OBJ05470_PS3_K3A_NIA0166.png,./datasets/labels/train/OBJ05470_PS3_K3A_NIA0166.json
./datasets/images/train/OBJ05475_PS3_K3A_NIA0166.png,./datasets/labels/train/OBJ05475_PS3_K3A_NIA0166.json
./datasets/images/train/OBJ05480_PS3_K3A_NIA0166.png,./datasets/labels/train/OBJ05480_PS3_K3A_NIA0166.json
./datasets/images/train/OBJ05481_PS3_K3A_NIA0166.png,./datasets/labels/train/OBJ05481_PS3_K3A_NIA0166.json
./datasets/images/train/OBJ05483_PS3_K3A_NIA0166.png,./datasets/labels/train/OBJ05483_PS3_K3A_NIA0166.json
./datasets/images/train/OBJ05485_PS3_K3A_NIA0166.png,./datasets/labels/train/OBJ05485_PS3_K3A_NIA0166.json
./datasets/images/train/OBJ05486_PS3_K3A_NIA0166.png,./datasets/labels/train/OBJ05486_PS3_K3A_NIA0166.json
./datasets/images/train/OBJ05487_PS3_K3A_NIA0166.png,./datasets/labels/train/OBJ05487_PS3_K3A_NIA0166.json
./datasets/images/train/OBJ05488_PS3_K3A_NIA0166.png,./datasets/labels/train/OBJ05488_PS3_K3A_NIA0166.json
./datasets/images/train/OBJ05500_PS3_K3A_NIA0166.png,./datasets/labels/train/OBJ05500_PS3_K3A_NIA0166.json
./datasets/images/train/OBJ05504_PS3_K3A_NIA0166.png,./datasets/labels/train/OBJ05504_PS3_K3A_NIA0166.json
./datasets/images/train/OBJ05508_PS3_K3A_NIA0166.png,./datasets/labels/train/OBJ05508_PS3_K3A_NIA0166.json
./datasets/images/train/OBJ05509_PS3_K3A_NIA0166.png,./datasets/labels/train/OBJ05509_PS3_K3A_NIA0166.json
./datasets/images/train/OBJ05530_PS3_K3A_NIA0353.png,./datasets/labels/train/OBJ05530_PS3_K3A_NIA0353.json
./datasets/images/train/OBJ05557_PS3_K3A_NIA0355.png,./datasets/labels/train/OBJ05557_PS3_K3A_NIA0355.json
./datasets/images/train/OBJ05558_PS3_K3A_NIA0355.png,./datasets/labels/train/OBJ05558_PS3_K3A_NIA0355.json
./datasets/images/train/OBJ05559_PS3_K3A_NIA0355.png,./datasets/labels/train/OBJ05559_PS3_K3A_NIA0355.json
./datasets/images/train/OBJ05565_PS3_K3A_NIA0355.png,./datasets/labels/train/OBJ05565_PS3_K3A_NIA0355.json
./datasets/images/train/OBJ05572_PS3_K3A_NIA0355.png,./datasets/labels/train/OBJ05572_PS3_K3A_NIA0355.json
./datasets/images/train/OBJ05574_PS3_K3A_NIA0355.png,./datasets/labels/train/OBJ05574_PS3_K3A_NIA0355.json
./datasets/images/train/OBJ05575_PS3_K3A_NIA0355.png,./datasets/labels/train/OBJ05575_PS3_K3A_NIA0355.json
./datasets/images/train/OBJ05576_PS3_K3A_NIA0355.png,./datasets/labels/train/OBJ05576_PS3_K3A_NIA0355.json
./datasets/images/train/OBJ05590_PS3_K3A_NIA0357.png,./datasets/labels/train/OBJ05590_PS3_K3A_NIA0357.json
./datasets/images/train/OBJ05599_PS3_K3A_NIA0357.png,./datasets/labels/train/OBJ05599_PS3_K3A_NIA0357.json
./datasets/images/train/OBJ05601_PS3_K3A_NIA0357.png,./datasets/labels/train/OBJ05601_PS3_K3A_NIA0357.json
./datasets/images/train/OBJ05614_PS3_K3A_NIA0357.png,./datasets/labels/train/OBJ05614_PS3_K3A_NIA0357.json
./datasets/images/train/OBJ05618_PS3_K3A_NIA0358.png,./datasets/labels/train/OBJ05618_PS3_K3A_NIA0358.json
./datasets/images/train/OBJ05624_PS3_K3A_NIA0358.png,./datasets/labels/train/OBJ05624_PS3_K3A_NIA0358.json
./datasets/images/train/OBJ05625_PS3_K3A_NIA0358.png,./datasets/labels/train/OBJ05625_PS3_K3A_NIA0358.json
./datasets/images/train/OBJ05626_PS3_K3A_NIA0358.png,./datasets/labels/train/OBJ05626_PS3_K3A_NIA0358.json
./datasets/images/train/OBJ05627_PS3_K3A_NIA0358.png,./datasets/labels/train/OBJ05627_PS3_K3A_NIA0358.json
./datasets/images/train/OBJ05652_PS3_K3A_NIA0359.png,./datasets/labels/train/OBJ05652_PS3_K3A_NIA0359.json
./datasets/images/train/OBJ05653_PS3_K3A_NIA0359.png,./datasets/labels/train/OBJ05653_PS3_K3A_NIA0359.json
./datasets/images/train/OBJ05656_PS3_K3A_NIA0359.png,./datasets/labels/train/OBJ05656_PS3_K3A_NIA0359.json
./datasets/images/train/OBJ05664_PS3_K3A_NIA0360.png,./datasets/labels/train/OBJ05664_PS3_K3A_NIA0360.json
./datasets/images/train/OBJ05670_PS3_K3A_NIA0360.png,./datasets/labels/train/OBJ05670_PS3_K3A_NIA0360.json
./datasets/images/train/OBJ05684_PS3_K3A_NIA0361.png,./datasets/labels/train/OBJ05684_PS3_K3A_NIA0361.json
./datasets/images/train/OBJ05685_PS3_K3A_NIA0361.png,./datasets/labels/train/OBJ05685_PS3_K3A_NIA0361.json
./datasets/images/train/OBJ05687_PS3_K3A_NIA0361.png,./datasets/labels/train/OBJ05687_PS3_K3A_NIA0361.json
./datasets/images/train/OBJ05689_PS3_K3A_NIA0361.png,./datasets/labels/train/OBJ05689_PS3_K3A_NIA0361.json
./datasets/images/train/OBJ05690_PS3_K3A_NIA0361.png,./datasets/labels/train/OBJ05690_PS3_K3A_NIA0361.json
./datasets/images/train/OBJ05691_PS3_K3A_NIA0361.png,./datasets/labels/train/OBJ05691_PS3_K3A_NIA0361.json
./datasets/images/train/OBJ05693_PS3_K3A_NIA0361.png,./datasets/labels/train/OBJ05693_PS3_K3A_NIA0361.json
./datasets/images/train/OBJ05702_PS3_K3A_NIA0362.png,./datasets/labels/train/OBJ05702_PS3_K3A_NIA0362.json
./datasets/images/train/OBJ05704_PS3_K3A_NIA0362.png,./datasets/labels/train/OBJ05704_PS3_K3A_NIA0362.json
./datasets/images/train/OBJ05705_PS3_K3A_NIA0362.png,./datasets/labels/train/OBJ05705_PS3_K3A_NIA0362.json
./datasets/images/train/OBJ05706_PS3_K3A_NIA0363.png,./datasets/labels/train/OBJ05706_PS3_K3A_NIA0363.json
./datasets/images/train/OBJ05708_PS3_K3A_NIA0363.png,./datasets/labels/train/OBJ05708_PS3_K3A_NIA0363.json
./datasets/images/train/OBJ05709_PS3_K3A_NIA0363.png,./datasets/labels/train/OBJ05709_PS3_K3A_NIA0363.json
./datasets/images/train/OBJ05731_PS3_K3A_NIA0363.png,./datasets/labels/train/OBJ05731_PS3_K3A_NIA0363.json
./datasets/images/train/OBJ05732_PS3_K3A_NIA0363.png,./datasets/labels/train/OBJ05732_PS3_K3A_NIA0363.json
./datasets/images/train/OBJ05734_PS3_K3A_NIA0363.png,./datasets/labels/train/OBJ05734_PS3_K3A_NIA0363.json
./datasets/images/train/OBJ05827_PS3_K3A_NIA0595.png,./datasets/labels/train/OBJ05827_PS3_K3A_NIA0595.json
./datasets/images/train/OBJ05853_PS3_K3_NIA0608.png,./datasets/labels/train/OBJ05853_PS3_K3_NIA0608.json
./datasets/images/train/OBJ06280_PS3_K3A_NIA0641.png,./datasets/labels/train/OBJ06280_PS3_K3A_NIA0641.json
./datasets/images/train/OBJ07351_PS3_K3A_NIA0786.png,./datasets/labels/train/OBJ07351_PS3_K3A_NIA0786.json
./datasets/images/train/OBJ07374_PS3_K3A_NIA0804.png,./datasets/labels/train/OBJ07374_PS3_K3A_NIA0804.json
